7:00,,,,21:00,19:00,,,,,,,,,,,,,,,,,,,,,,,,,,,,22:00,
7:00,,,,21:00,19:00,,,,,,,,,,,,,,,,,,,,,,,,,,,
7:00,,,,21:00,18:00,,,,,,,,,,,,,,,,,,,,,,,,,,,,22:00,
null,,,,12:00,18:00,,,,,,,,,,,,,,,,,,,,,,,,,,,,22:00,
null,,,,12:00,18:00,,,,,,,,,,,,,,,,,,,,,,,,,,,,22:00,
7:00,,,,21:00,19:00,,,,,,,,,,,,,,,,,,,,,,,,,,,,22:00,
7:00,,,,21:00,19:00,,,,,,,,,,,,,,,,,,,,,,,,,,,,22:00,
7:00,,,,21:00,19:00,,,,,,,,,,,,,,,,,,,,,,,,,,,,22:00,
7:00,,,,21:00,19:00,,,,,,,,,,,,,,,,,,,,,,,,,,,,22:00,
7:00,,,,21:00,18:00,,,,,,,,,,,,,,,,,,,,,,,,,,,,22:00,
null,,,,12:00,18:00,,,,,,,,,,,,,,,,,,,,,,,,,,,,22:00,
null,,,,12:00,18:00,,,,,,,,,,,,,,,,,,,,,,,,,,,,22:00,
7:00,,,,21:00,19:00,,,,,,,,,,,,,,,,,,,,,,,,,,,,22:00,
7:00,,,,21:00,19:00,,,,,,,,,,,,,,,,,,,,,,,,,,,,22:00,
7:00,,,,21:00,19:00,,,,,,,,,,,,,,,,,,,,,,,,,,,,22:00,
7:00,,,,21:00,19:00,,,,,,,,,,,,,,,,,,,,,,,,,,,,22:00,
7:00,,,,21:00,18:00,,,,,,,,,,,,,,,,,,,,,,,,,,,,22:00,
null,,,,12:00,18:00,,,,,,,,,,,,,,,,,,,,,,,,,,,,22:00,
null,,,,12:00,18:00,,,,,,,,,,,,,,,,,,,,,,,,,,,,22:00,
7:00,,,,21:00,19:00,,,,,,,,,,,,,,,,,,,,,,,,,,,,22:00,
7:00,,,,21:00,19:00,,,,,,,,,,,,,,,,,,,,,,,,,,,,22:00,
7:00,,,,21:00,19:00,,,,,,,,,,,,,,,,,,,,,,,,,,,,22:00,
7:00,,,,21:00,19:00,,,,,,,,,,,,,,,,,,,,,,,,,,,,22:00,
7:00,,,,21:00,18:00,,,,,,,,,,,,,,,,,,,,,,,,,,,,22:00,
null,,,,12:00,18:00,,,,,,,,,,,,,,,,,,,,,,,,,,,,22:00,
null,,,,12:00,18:00,,,,,,,,,,,,,,,,,,,,,,,,,,,,22:00,
7:00,,,,21:00,19:00,,,,,,,,,,,,,,,,,,,,,,,,,,,,22:00,
7:00,,,,21:00,19:00,,,,,,,,,,,,,,,,,,,,,,,,,,,,22:00,
7:00,,,,21:00,19:00,,,,,,,,,,,,,,,,,,,,,,,,,,,,22:00,
7:00,,,,21:00,19:00,,,,,,,,,,,,,,,,,,,,,,,,,,,,22:00,
